CrashReportId,ReportNumber,CrashDate,CrashTime,Collision Type,StreetOrHighway,NearestIntersection,Officer,Badge,ReportDate,TypeOfRoadway,RoadSurfaceCondition,LightCondition,WeatherCondition,MannerofImpact,HitAndRun,TrafficControl,PersonCount,InjuryCount,MostSeriousInjury,NumberOfLanes,Latitude,Longitude,CountPedestrian,CountBicycle,Scooter,Wheel Chair,NumberofVehicles
924078,2025-00033176,8-May-25,9:20,Other,BLACKSTONE BLVD,BLACKSTONE BLVD ,Yesenia Caba,549,8-May-25,"Two-Way , Not Divided",Dry,Daylight,Clear,Not a Collision Between Two Motor Vehicles in Transport,No,No Controls,2,1,Complains Of Pain,,41.84622,-71.38677,,1,,,1
924097,2025-00000123,8-May-25,10:00,Other,DEAN ST,COTTAGE ST ,Carly Cabral,533,8-May-25,"Two-Way , Not Divided",Dry,Dawn,Cloudy,Not a Collision Between Two Motor Vehicles in Transport,No,No Controls,4,2,Incapacitating,,41.82008,-71.42146,,,,,1
924134,2025-00033561,9-May-25,15:01,Pedestrian,DORRANCE ST,WASHINGTON ST ,Raymond Criner,340,9-May-25,"Two-Way , Not Divided",Wet,Daylight,Rain,Not a Collision Between Two Motor Vehicles in Transport,No,No Controls,3,1,Complains Of Pain,,41.82451,-71.41286,1,,,,1
924248,2025-00034456,9-May-25,0:15,Other,LASALLE SQ,,J. Clancy,999,13-May-25,Unknown,Dry,Dark - Unknown Lighting,Clear,Rear End(Front-to-Rear),"Yes, M/V and Driver Left Scene",Unknown,4,0,No Injury,,,,,,,,2
924140,2025-00033668,10-May-25,0:08,Pedestrian,ATWELLS AVE,BROADWAY ,Lucas Ramalho,507,10-May-25,"Two-Way, Divided, Positive Median Barrier",Wet,Dark - Lighted,Rain,Rear End(Front-to-Rear),No,Traffic Control Signal,3,1,Non-Incapacitating,,41.82251,-71.41856,1,,,,1
924219,2025-00034143,10-May-25,15:00,Other,WASHINGTON ST,EMPIRE ST,J. Clancy,999,12-May-25,Unknown,Dry,Daylight,Clear,"Sideswipe, Same Direction","Yes, M/V and Driver Left Scene",Unknown,1,1,Complains Of Pain,,,,,1,,,1
924168,2025-00034062,11-May-25,5:02,Pedestrian,350 POINT STREET,,Tyler Houlihan,617,11-May-25,"Two-Way, Divided, Unprotected (painted>4feet) Medium",Dry,Daylight,Cloudy,Not a Collision Between Two Motor Vehicles in Transport,"Yes, M/V and Driver Left Scene",No Controls,2,1,Incapacitating,,41.81668,-71.40954,1,,,,1
924224,2025-00034484,12-May-25,14:30,Pedestrian,Broad st,THURBERS AVE ,Matthew Sheridan,229,12-May-25,"Two-Way , Not Divided",Dry,Daylight,Clear,Not a Collision Between Two Motor Vehicles in Transport,No,Traffic Control Signal,3,1,Complains Of Pain,,41.7982,-71.41467,1,,,,1
926305,2025-00057407,15-May-25,2:30,Pedestrian,W FRIENDSHIP ST,BROAD ST ,Jason Clancy,999,24-Jul-25,"Two-Way , Not Divided",Dry,Dark - Unknown Lighting,Clear,Other,"Yes, M/V and Driver Left Scene",Unknown,1,1,Incapacitating,,41.80977,-71.42101,1,,,,1
924359,2025-00035793,16-May-25,14:05,Pedestrian,DRYDEN LN,BRANCH AVE ,Ptlm. Castagliuolo,351,16-May-25,"Two-Way , Not Divided",Dry,Daylight,Clear,Not a Collision Between Two Motor Vehicles in Transport,No,Pavement Markings,3,1,Non-Incapacitating,,41.84294,-71.40847,1,,,,1
924380,2025-00036078,17-May-25,2:00,Pedestrian,BROAD ST,BROAD ST ,Alexandra Dzialo,616,17-May-25,"Two-Way , Not Divided",Dry,Dark - Lighted,Clear,Not a Collision Between Two Motor Vehicles in Transport,No,Unknown,3,0,No Injury,,41.79187,-71.4068,1,,,,1
924405,2025-00036387,18-May-25,0:10,Other,EXCHANGE ST,MEMORIAL BLVD ,Patrolwoman Viera,678,18-May-25,"Two-Way, Not Divided With a Continuous Left Turn Lane",Wet,Dark - Unknown Lighting,Rain,Rear End(Front-to-Rear),"Yes, M/V and Driver Left Scene",Traffic Control Signal,2,0,No Injury,,41.82676,-71.41204,,,,,2
924425,2025-00036803,19-May-25,8:40,Bicycle,BUTLER AVE,S ANGELL ST ,Louis Gianfrancesco,350,19-May-25,"Two-Way , Not Divided",Dry,Daylight,Clear,Angle (Front - to - Side) Right Angle (Includes Broadside),"Yes, M/V and Driver Left Scene",No Controls,1,0,No Injury,2,41.82947,-71.38504,,1,,,1
924454,2025-00037103,20-May-25,3:49,Other,N MAIN ST,7TH ST ,Gabrielle O'Loughlin,680,20-May-25,Unknown,Dry,Dark - Lighted,Clear,Angle (Front - to - Side) Opposite Direction,"Yes, M/V and Driver Left Scene",No Controls,4,2,Complains Of Pain,,41.85349,-71.40093,,,,,2
924476,2025-00037314,20-May-25,19:37,Other,SOUTH ST,CHESTNUT ST ,Matthew Kelley,186,20-May-25,"Two-Way , Not Divided",Dry,Dusk,Cloudy,"Sideswipe, Same Direction","Yes, M/V and Driver Left Scene",No Controls,2,0,No Injury,,41.81711,-71.40851,,,,,2
924479,2025-00037360,20-May-25,22:38,Other,ATWELLS AVE,DEAN ST ,Antonio Valdez,659,21-May-25,"Two-Way, Divided, Unprotected (painted>4feet) Medium",Dry,Dark - Lighted,Clear,"Sideswipe, Same Direction","Yes, M/V and Driver Left Scene",Traffic Control Signal,2,0,No Injury,,41.82339,-71.4242,,,,,2
924581,2025-00037249,20-May-25,15:46,Other,SUMTER ST,NIAGARA ST ,Ruben Morales,685,24-May-25,"Two-Way , Not Divided",Dry,Daylight,Clear,Angle (Front - to - Side) Right Angle (Includes Broadside),No,Stop Signs,4,4,Complains Of Pain,,41.7967,-71.41757,,,,,2
924560,2025-00038094,23-May-25,21:20,Pedestrian,THAYER ST,FONES ALY ,Ralph Abenante,511,23-May-25,"Two-Way , Not Divided",Wet,Dark - Lighted,Cloudy,Not a Collision Between Two Motor Vehicles in Transport,No,No Controls,5,1,Complains Of Pain,,41.82768,-71.40059,1,,,,1
924561,2025-00038085,23-May-25,20:52,Pedestrian,DOUGLAS AVE,ADMIRAL ST ,Lucas Ramalho,507,23-May-25,"Two-Way , Not Divided",Wet,Dark - Lighted,Rain,Not a Collision Between Two Motor Vehicles in Transport,No,Traffic Control Signal,2,1,Complains Of Pain,,41.84607,-71.42902,1,,,,1
924562,2025-00038097,23-May-25,21:29,Pedestrian,EXCHANGE TER,EXCHANGE ST ,Lucas Ramalho,507,24-May-25,"Two-Way , Not Divided",Wet,Dark - Lighted,Rain,Not a Collision Between Two Motor Vehicles in Transport,No,Traffic Control Signal,2,1,Non-Incapacitating,,41.82611,-71.4116,1,,,,1
924571,2025-00038286,24-May-25,13:34,Other,33 King St.,,Damaris Sanchez,566,24-May-25,One-Way Trafficway,Dry,Daylight,Clear,"Sidwswipe, Opposite Direction",No,No Controls,2,1,Complains Of Pain,,,,,,X,,2
924666,2025-00039379,27-May-25,20:29,Pedestrian,MANTON AVE,PELHAM ST ,Raymond Criner,340,27-May-25,"Two-Way , Not Divided",Dry,Dark - Lighted,Clear,Not a Collision Between Two Motor Vehicles in Transport,"Yes, M/V and Driver Left Scene",Pavement Markings,3,1,Complains Of Pain,,41.82069,-71.44752,1,,,,2
924667,2025-00039375,27-May-25,20:10,Other,LEXINGTON AVE,HAMILTON ST ,Lane,109,27-May-25,"Two-Way , Not Divided",Dry,Dusk,Clear,Not a Collision Between Two Motor Vehicles in Transport,No,Other,3,1,Incapacitating,,41.79845,-71.42159,,,X,,1
924682,2025-00039612,28-May-25,16:58,Other,N MAIN ST,SMITH ST ,Tyler Calandra,418,28-May-25,"Two-Way , Not Divided",Dry,Daylight,Clear,"Sideswipe, Same Direction",No,No Controls,3,1,Complains Of Pain,,41.83086,-71.4104,,1,,,1
924686,2025-00039686,28-May-25,20:35,Pedestrian,HAYWARD ST,LINDEN ST ,Lucas Ramalho,507,28-May-25,"Two-Way , Not Divided",Dry,Dark - Lighted,Clear,Not a Collision Between Two Motor Vehicles in Transport,No,No Controls,2,1,Non-Incapacitating,,41.81237,-71.42165,1,,X,,1
924695,2025-00039725,28-May-25,23:07,Other,Bucklin ST / Hanover ST,Bucklin ST / Hanover ST,Lucas Oliveira,688,29-May-25,"Two-Way , Not Divided",Wet,Dark - Lighted,Rain,Rear End(Front-to-Rear),No,Unknown,2,0,No Injury,,,,,,,,2
924713,2025-00039488,28-May-25,9:43,Other,PONAGANSETT AVE,BARDEN ST ,Ajay Subramaniam,569,29-May-25,"Two-Way , Not Divided",Dry,Daylight,Clear,Not a Collision Between Two Motor Vehicles in Transport,"Yes, M/V and Driver Left Scene",No Controls,2,0,Unknown,,41.81869,-71.4587,,,,,2
924722,2025-00039921,29-May-25,15:55,Pedestrian,PLAINFIELD ST,EDNA ST ,Peyton Ginolfi,657,29-May-25,"Two-Way , Not Divided",Wet,Daylight,Cloudy,Not a Collision Between Two Motor Vehicles in Transport,No,Traffic Control Signal,2,1,Complains Of Pain,,41.81594,-71.44511,1,,,,1
924831,2025-00040445,30-May-25,16:45,Other,PINE ST,PECK ST ,Jason Clancy,999,2-Jun-25,One-Way Trafficway,Dry,Dark - Unknown Lighting,Clear,"Sideswipe, Same Direction","Yes, M/V and Driver Left Scene",Unknown,2,0,Unknown,,41.8231,-71.40944,,,,,2
924785,2025-00040495,31-May-25,15:50,Pedestrian,CHALKSTONE AVE,DOUGLAS AVE ,Raymond Criner,340,31-May-25,One-Way Trafficway,Wet,Daylight,Rain,Not a Collision Between Two Motor Vehicles in Transport,No,Pavement Markings,5,1,Complains Of Pain,,41.83631,-71.42024,1,,,,1
924792,2025-00040585,31-May-25,22:38,Pedestrian,BANCROFT ST,POCASSET AVE ,Erik Lane,109,1-Jun-25,"Two-Way , Not Divided",Dry,Dark - Lighted,Clear,Unknown,"Yes, M/V and Driver Left Scene",No Controls,2,1,Incapacitating,,41.81332,-71.44834,1,,,,1
924813,2025-00040740,1-Jun-25,13:22,Pedestrian,100 MANTON AVE,,Andrew Brodeur,158,1-Jun-25,"Two-Way , Not Divided",Dry,Daylight,Clear,Not a Collision Between Two Motor Vehicles in Transport,No,No Controls,2,1,Complains Of Pain,,,,1,,,,1
924861,2025-00040875,1-Jun-25,21:42,Other,SEARLE STREET,OXFORD ST ,Ruben Morales,685,2-Jun-25,"Two-Way , Not Divided",Dry,Dark - Lighted,Clear,"Sideswipe, Same Direction","Yes, M/V and Driver Left Scene",No Controls,2,0,Unknown,,41.80305,-71.40747,,,,,2
924858,2025-00041193,2-Jun-25,21:07,Pedestrian,MEMORIAL BLVD,EXIT 22A  (RT ),Lane,109,2-Jun-25,"Two-Way, Divided, Positive Median Barrier",Dry,Dark - Lighted,Clear,Not a Collision Between Two Motor Vehicles in Transport,"Yes, M/V and Driver Left Scene",Traffic Control Signal,2,1,Complains Of Pain,,41.82578,-71.41522,1,,,,1
925319,2025-00041064,2-Jun-25,13:58,Bicycle,BROAD ST ,SERVICE ROAD 7 ,Gustavo Genao,135,19-Jun-25,"Two-Way , Not Divided",Dry,Daylight,Clear,Not a Collision Between Two Motor Vehicles in Transport,No,Traffic Control Signal,3,0,No Injury,,41.81736,-71.41696,,1,,,1
924874,2025-00041360,3-Jun-25,14:49,Pedestrian,CANTON ST,ANDEM ST ,Atanael Lara,129,3-Jun-25,"Two-Way , Not Divided",Dry,Daylight,Clear,Other,No,Stop Signs,2,0,No Injury,,41.8304,-71.44217,1,,,,1
924886,2025-00041588,4-Jun-25,8:53,Pedestrian,HOLLYWOOD RD,PARADE ST ,Ptlm. Castagliuolo,351,4-Jun-25,"Two-Way , Not Divided",Dry,Daylight,Clear,Not a Collision Between Two Motor Vehicles in Transport,No,Pavement Markings,2,1,Complains Of Pain,,41.81577,-71.43307,1,,,,1
924893,2025-00041581,4-Jun-25,8:36,Pedestrian,Butler Dr,BLACKSTONE BLVD ,Michael Gammino,491,4-Jun-25,"Two-Way, Not Divided With a Continuous Left Turn Lane",Dry,Daylight,Clear,"Sidwswipe, Opposite Direction","Yes, M/V and Driver Left Scene",No Controls,2,1,Complains Of Pain,,41.84616,-71.38673,1,,,,1
924904,2025-00041658,4-Jun-25,13:22,Pedestrian,BRANCH AVE,OLMSTEAD WAY ,Ptlm. Castagliuolo,351,4-Jun-25,"Two-Way , Not Divided",Dry,Daylight,Clear,Not a Collision Between Two Motor Vehicles in Transport,No,No Controls,2,1,Non-Incapacitating,,41.8539,-71.42974,1,,X,,1
924939,2025-00041982,5-Jun-25,13:11,Other,BROAD ST,JILLSON ST,Raleek Byfield,375,5-Jun-25,"Two-Way, Divided, Unprotected (painted>4feet) Medium",Dry,Daylight,Clear,Not a Collision Between Two Motor Vehicles in Transport,"Yes, M/V and Driver Left Scene",Unknown,2,1,Non-Incapacitating,,41.79103,-71.40589,,1,,,1
924942,2025-00041966,5-Jun-25,12:38,Bicycle,TOCKWOTTON ST,S MAIN ST ,Atanael Lara,129,5-Jun-25,"Two-Way , Not Divided",Dry,Daylight,Clear,Angle (Front - to - Side) Same Direction,No,Stop Signs,3,1,Complains Of Pain,,41.81692,-71.4001,,1,,,1
924993,2025-00042075,5-Jun-25,18:36,Other,HOPE ST,KEENE ST ,Ruben Morales,685,6-Jun-25,"Two-Way , Not Divided",Dry,Daylight,Clear,"Sideswipe, Same Direction","Yes, M/V and Driver Left Scene",No Controls,2,0,Unknown,,41.83229,-71.40039,,,,,2
924981,2025-00042273,6-Jun-25,10:38,Other,HOPE ST,10TH ST ,Gabrielle O'Loughlin,680,6-Jun-25,"Two-Way , Not Divided",Dry,Dawn,Clear,Rear End(Front-to-Rear),"Yes, M/V and Driver Left Scene",No Controls,3,0,No Injury,,41.85452,-71.39232,,,,,2
925030,2025-00042400,6-Jun-25,17:39,Other,GENERAL ST,PHEBE ST ,Ruben Morales,685,8-Jun-25,"Two-Way , Not Divided",Dry,Daylight,Clear,Angle (Front - to - Side) Right Angle (Includes Broadside),"Yes, M/V and Driver Left Scene",Stop Signs,2,0,Unknown,,41.85353,-71.44186,,,,,2
925286,2025-00046022,6-Jun-25,13:56,Pedestrian,MORRIS AVE,OLNEY ST ,Jason Clancy,999,18-Jun-25,"Two-Way , Not Divided",Dry,Daylight,Clear,"Sideswipe, Same Direction","Yes, M/V and Driver Left Scene",Unknown,1,1,Complains Of Pain,,41.83593,-71.39803,1,,,,1
925098,2025-00043673,10-Jun-25,18:38,Pedestrian,Killingly St,KILLINGLY ST ,Tyler Calandra,418,10-Jun-25,"Two-Way , Not Divided",Dry,Daylight,Rain,Other,No,No Controls,4,1,Complains Of Pain,,41.81408,-71.46186,1,,,,1
925118,2025-00043863,11-Jun-25,14:30,Pedestrian,BROADWAY,VALLEY ST ,Tyler Calandra,418,11-Jun-25,"Two-Way , Not Divided",Dry,Daylight,Clear,Not a Collision Between Two Motor Vehicles in Transport,"Yes, M/V and Driver Left Scene",No Controls,1,1,Complains Of Pain,,41.81683,-71.44101,1,,,,1
925123,2025-00043896,11-Jun-25,16:10,Pedestrian,EXCHANGE TERR,EXCHANGE ST ,Raymond Criner,340,11-Jun-25,"Two-Way , Not Divided",Dry,Daylight,Clear,Not a Collision Between Two Motor Vehicles in Transport,No,Pavement Markings,5,1,Complains Of Pain,,41.82611,-71.4116,1,,,,1
925139,2025-00043908,11-Jun-25,14:30,Pedestrian,PINE ST,,Jason Clancy,999,12-Jun-25,Unknown,Dry,Daylight,Clear,Unknown,No,Unknown,2,0,Unknown,,,,1,,X,,1
925174,2025-00044141,11-Jun-25,17:50,Pedestrian,EAGLE ST,VALLEY ST ,Jason Clancy,999,13-Jun-25,Unknown,Dry,Daylight,Clear,Head-On (Front - to - Front),No,Unknown,4,1,Complains Of Pain,,41.82732,-71.43633,1,,X,,1
925149,2025-00044190,12-Jun-25,15:40,Pedestrian,WEYBOSSET ST,DORRANCE ST ,Raymond Criner,340,12-Jun-25,"Two-Way , Not Divided",Dry,Daylight,Clear,Not a Collision Between Two Motor Vehicles in Transport,No,Pavement Markings,3,1,Complains Of Pain,,41.82307,-71.41098,1,,,,1
925160,2025-00044378,13-Jun-25,2:43,Pedestrian,BROAD STREET ,HASKINS STREET ,Tyler Houlihan,617,13-Jun-25,"Two-Way, Divided, Unprotected (painted>4feet) Medium",Dry,Dark - Not Lighted,Cloudy,Not a Collision Between Two Motor Vehicles in Transport,No,No Controls,3,1,Non-Incapacitating,,41.81573,-71.4186,1,,,,1
925325,2025-00044899,14-Jun-25,19:56,Other,ELMWOOD AVE,EXIT ,Nicolas Lafazia,369,19-Jun-25,"Two-Way , Not Divided",Dry,Daylight,Clear,"Sideswipe, Same Direction",No,Unknown,1,0,No Injury,,41.78096,-71.41992,,,,,1
925220,2025-00045227,15-Jun-25,21:35,Pedestrian,VALLEY ST ,WOLCOTT ST ,Lucas Ramalho,507,16-Jun-25,"Two-Way , Not Divided",Dry,Dark - Lighted,Clear,Not a Collision Between Two Motor Vehicles in Transport,"Yes, M/V and Driver Left Scene",No Controls,1,1,Complains Of Pain,,41.8291,-71.43312,1,,,,1
925227,2025-00045323,15-Jun-25,23:54,Other,BROAD ST / BYFIELD ST,BROAD ST / BYFIELD ST,Lucas Oliveira,688,16-Jun-25,"Two-Way , Not Divided",Dry,Dark - Lighted,Clear,"Sidwswipe, Opposite Direction","Yes, M/V and Driver Left Scene",No Controls,4,0,No Injury,,,,,,,,2
925223,2025-00045334,16-Jun-25,0:30,Other,ACORN ST,SPRUCE ST ,Hector Viruet,614,16-Jun-25,"Two-Way , Not Divided",Dry,Dark - Lighted,Clear,"Sideswipe, Same Direction","Yes, M/V and Driver Left Scene",No Controls,3,0,No Injury,,41.82423,-71.42797,,,,,2
925231,2025-00045406,16-Jun-25,9:51,Pedestrian,COLLEGE ST,MEMORIAL BLVD ,Ptlm. Castagliuolo,351,16-Jun-25,"Two-Way , Not Divided",Dry,Daylight,Clear,Not a Collision Between Two Motor Vehicles in Transport,No,Pavement Markings,3,1,Non-Incapacitating,,41.8254,-71.40852,1,,X,,1
925255,2025-00045650,16-Jun-25,22:30,Pedestrian,CRANSTON ST,HUNTINGTON AVE ,Lucas Ramalho,507,17-Jun-25,"Two-Way , Not Divided",Dry,Dark - Lighted,Clear,Not a Collision Between Two Motor Vehicles in Transport,"Yes, M/V and Driver Left Scene",Traffic Control Signal,1,1,Complains Of Pain,,41.80376,-71.43922,1,,,,1
925268,2025-00045770,17-Jun-25,14:27,Other,Eaton Street,Malbone Street,Robert Raso,606,17-Jun-25,"Two-Way , Not Divided",Wet,Daylight,Rain,Angle (Front - to - Side) Right Angle (Includes Broadside),"Yes, M/V and Driver Left Scene",No Controls,3,0,No Injury,,,,,,,,2
925275,2025-00045926,18-Jun-25,4:58,Other,RUGGLES ST,CHALKSTONE AVE ,Matthew Lombardi,674,18-Jun-25,"Two-Way, Divided, Unprotected (painted>4feet) Medium",Wet,Dawn,Clear,Unknown,"Yes, M/V and Driver Left Scene",No Controls,2,0,No Injury,,41.83616,-71.42824,,,,,2
925276,2025-00045948,18-Jun-25,7:31,Other,POTTERS AVE,BROAD ST ,Raleek Byfield,375,18-Jun-25,"Two-Way, Divided, Unprotected (painted>4feet) Medium",Dry,Daylight,"Fog, Smog, Smoke",Angle (Front - to - Side) Right Angle (Includes Broadside),No,Flashing Traffic Control Signal,2,1,Non-Incapacitating,,41.80299,-71.41885,,1,,,1
925362,2025-00046132,18-Jun-25,19:09,Other,EMPIRE ST,WASHINGTON ST ,Ruben Morales,685,20-Jun-25,"Two-Way , Not Divided",Dry,Daylight,Clear,Unknown,"Yes, M/V and Driver Left Scene",No Controls,2,0,No Injury,,41.82171,-71.41631,,,,,2
925327,2025-00046361,19-Jun-25,14:42,Pedestrian,MEDWAY ST,WAYLAND AVE ,Raymond Criner,340,19-Jun-25,Unknown,Dry,Daylight,Clear,Not a Collision Between Two Motor Vehicles in Transport,"Yes, M/V and Driver Left Scene",No Controls,1,1,Complains Of Pain,,41.82924,-71.38906,1,,,,1
925332,2025-00046426,19-Jun-25,18:22,Pedestrian,MESSER ST,KENWOOD ST ,Raymond Criner,340,19-Jun-25,"Two-Way , Not Divided",Dry,Daylight,Clear,Not a Collision Between Two Motor Vehicles in Transport,"Yes, M/V and Driver Left Scene",No Controls,2,1,Complains Of Pain,,41.81002,-71.43465,1,,,,1
925346,2025-00046327,19-Jun-25,11:58,Other,BROADWAY,KNIGHT ST ,Brad McParlin,395,20-Jun-25,"Two-Way , Not Divided",Dry,Daylight,Clear,Other,No,No Controls,2,1,Complains Of Pain,,41.8199,-71.42894,,1,,,1
925349,2025-00046597,20-Jun-25,7:04,Other,HARRIS AVE,ATWELLS AVE ,Ptlm. Castagliuolo,351,20-Jun-25,"Two-Way , Not Divided",Dry,Daylight,Clear,Not a Collision Between Two Motor Vehicles in Transport,No,Traffic Control Signal,2,1,Complains Of Pain,,41.82446,-71.4355,,1,,,1
925363,2025-00046780,20-Jun-25,18:06,Bicycle,WESTMINSTER ST,HARKNESS ST ,Evan Alarcon,131,20-Jun-25,"Two-Way , Not Divided",Dry,Daylight,Clear,Not a Collision Between Two Motor Vehicles in Transport,No,No Controls,2,1,Complains Of Pain,,41.81628,-71.43396,,1,,,1
925384,2025-00046964,21-Jun-25,2:48,Pedestrian,SERVICE ROAD 7,SERVICE ROAD 7 ,Ptlm. Castagliuolo,351,21-Jun-25,One-Way Trafficway,Dry,Dark - Lighted,Clear,Not a Collision Between Two Motor Vehicles in Transport,"Yes, M/V and Driver Left Scene",Traffic Control Signal,1,1,Incapacitating,,41.81966,-71.41982,1,,,,1
925422,2025-00047234,21-Jun-25,22:14,Other,CRANSTON ST,DODGE ST ,Michael Duffy,354,22-Jun-25,"Two-Way , Not Divided",Dry,Dark - Lighted,Clear,"Sideswipe, Same Direction",No,No Controls,2,0,No Injury,,41.81504,-71.42522,,,X,,1
925436,2025-00047467,21-Jun-25,20:00,Other,BROADWAY,GREENMAN LN ,Jason Clancy,999,23-Jun-25,Unknown,Dry,Dark - Unknown Lighting,Clear,"Sideswipe, Same Direction","Yes, M/V and Driver Left Scene",Unknown,1,1,Complains Of Pain,,41.82232,-71.41867,,1,,,1
925394,2025-00047341,22-Jun-25,2:08,Pedestrian,HILLCREST AVE,FREEDOM RD ,Aidan Pendergast,651,22-Jun-25,"Two-Way , Not Divided",Dry,Dark - Lighted,Clear,Not a Collision Between Two Motor Vehicles in Transport,"Yes, M/V and Driver Left Scene",No Controls,3,1,Non-Incapacitating,,41.83152,-71.45897,1,,,,1
925489,2025-00048120,24-Jun-25,14:38,Other,North Main St,DOYLE AVE ,Tyler Calandra,418,24-Jun-25,"Two-Way , Not Divided",Dry,Daylight,Clear,Other,No,No Controls,3,1,Complains Of Pain,,41.83817,-71.40927,,1,,,1
925543,2025-00048122,24-Jun-25,14:52,Other,Dean St,BOWDITCH PL ,Ruben Morales,685,26-Jun-25,Unknown,Dry,Daylight,Clear,Rear - to - Side,"Yes, M/V and Driver Left Scene",No Controls,2,0,No Injury,,41.81996,-71.42136,,,,,2
925515,2025-00048433,25-Jun-25,15:53,Pedestrian,ASHBURTON ST,RANDALL ST ,Ptlm. Castagliuolo,351,25-Jun-25,One-Way Trafficway,Dry,Daylight,Cloudy,Not a Collision Between Two Motor Vehicles in Transport,No,Pavement Markings,3,1,Incapacitating,,41.83611,-71.41234,1,,,,1
925519,2025-00048492,25-Jun-25,19:06,Other,79 elmwood ave,,Tyler Cargill,619,25-Jun-25,"Two-Way , Not Divided",Dry,Daylight,Clear,"Sideswipe, Same Direction","Yes, M/V and Driver Left Scene",No Controls,4,0,No Injury,,,,,,,,2
925558,2025-00048446,25-Jun-25,16:20,Bicycle,ELMWOOD AVE,ELMWOOD AVE ,Kelsa Heron,133,27-Jun-25,"Two-Way , Not Divided",Dry,Daylight,Clear,Not a Collision Between Two Motor Vehicles in Transport,No,No Controls,3,1,Complains Of Pain,,41.8112,-71.42317,,1,,,1