CrashReportId,ReportNumber,CrashDate,CrashTime,Collision Type,StreetOrHighway,NearestIntersection,Officer,Badge,ReportDate,TypeOfRoadway,RoadSurfaceCondition,LightCondition,WeatherCondition,MannerofImpact,HitAndRun,TrafficControl,PersonCount,InjuryCount,MostSeriousInjury,NumberOfLanes,Latitude,Longitude,CountPedestrian,CountBicycle,Scooter,Wheel Chair,NumberofVehicles
925551,2025-00048935,27-Jun-25,8:52,Pedestrian,HOPE ST,CUSHING ST ,Ptlm. Castagliuolo,351,27-Jun-25,"Two-Way , Not Divided",Dry,Daylight,Cloudy,Not a Collision Between Two Motor Vehicles in Transport,No,Pavement Markings,2,1,Complains Of Pain,,41.83019,-71.39872,1,,,,1
925560,2025-00049028,27-Jun-25,16:00,Pedestrian,FLOWER ST,WHELAN RD ,Tyler Calandra,418,27-Jun-25,"Two-Way , Not Divided",Dry,Daylight,Clear,Not a Collision Between Two Motor Vehicles in Transport,No,No Controls,3,2,Complains Of Pain,,41.81854,-71.45689,1,,,,1
925561,2025-00049049,27-Jun-25,17:04,Pedestrian,ADMIRAL ST ,HAWKINS ST ,Tyler Calandra,418,27-Jun-25,"Two-Way , Not Divided",Dry,Daylight,Clear,Not a Collision Between Two Motor Vehicles in Transport,No,No Controls,3,1,Complains Of Pain,,41.84593,-71.42843,1,,,,1
925569,2025-00049010,27-Jun-25,15:06,Other,WENDELL ST,SUPERIOR ST ,Elijah Perry,618,27-Jun-25,One-Way Trafficway,Dry,Daylight,Clear,"Sideswipe, Same Direction",No,No Controls,3,0,No Injury,,41.81118,-71.43335,,,,,2
925571,2025-00049271,28-Jun-25,9:49,Bicycle,ROANOKE ST,ACADEMY AVE ,Jephte Wagnac,141,28-Jun-25,"Two-Way , Not Divided",Dry,Daylight,Clear,"Sidwswipe, Opposite Direction",No,No Controls,4,0,No Injury,,41.83168,-71.44442,,1,,,1
925572,2025-00049292,28-Jun-25,11:48,Other,CHARLES ST,BRANCH AVE ,Raleek Byfield,375,28-Jun-25,"Two-Way, Divided, Unprotected (painted>4feet) Medium",Dry,Daylight,Cloudy,Angle (Front - to - Side) Opposite Direction,No,Traffic Control Signal,2,1,Complains Of Pain,,41.85026,-71.41998,,1,,,1
925575,2025-00049314,28-Jun-25,14:54,Other,Broad St ,WESLEYAN AVE ,Tyler Calandra,418,28-Jun-25,"Two-Way , Not Divided",Dry,Daylight,Clear,Not a Collision Between Two Motor Vehicles in Transport,No,No Controls,2,1,Complains Of Pain,,41.80771,-71.4204,,1,,,1
925585,2025-00049381,28-Jun-25,18:26,Bicycle,SMITH ST,GASPEE ST ,Ptlm. Castagliuolo,351,28-Jun-25,"Two-Way , Not Divided",Dry,Daylight,Cloudy,Not a Collision Between Two Motor Vehicles in Transport,No,Pavement Markings,3,1,Complains Of Pain,,41.83154,-71.41296,,1,,,1
925592,2025-00049518,28-Jun-25,23:43,Pedestrian,CRANSTON ST,BELLEVUE AVE ,Lucas Ramalho,507,29-Jun-25,"Two-Way , Not Divided",Dry,Dark - Lighted,Clear,Not a Collision Between Two Motor Vehicles in Transport,"Yes, M/V and Driver Left Scene",No Controls,2,1,Complains Of Pain,,41.80901,-71.43396,1,,,,1
925595,2025-00049649,29-Jun-25,9:41,Pedestrian,BROADWAY,KNIGHT ST ,Raleek Byfield,375,29-Jun-25,"Two-Way, Divided, Unprotected (painted>4feet) Medium",Dry,Daylight,Clear,Not a Collision Between Two Motor Vehicles in Transport,"Yes, M/V and Driver Left Scene",Traffic Control Signal,3,1,Non-Incapacitating,,41.8198,-71.42933,1,,,,1
925648,2025-00050231,1-Jul-25,5:30,Other,BROAD ST,CAHIR ST ,Jason Clancy,999,1-Jul-25,"Two-Way , Not Divided",Dry,Daylight,Clear,Unknown,No,Unknown,2,0,Unknown,,41.81693,-71.41792,,,,,1
925682,2025-00050568,2-Jul-25,10:18,Pedestrian,BROAD ST,SERVICE ROAD 7 ,Ptlm. Castagliuolo,351,2-Jul-25,"Two-Way , Not Divided",Dry,Daylight,Cloudy,Not a Collision Between Two Motor Vehicles in Transport,No,Traffic Control Signal,3,1,Incapacitating,,41.81736,-71.41696,1,,,,1
925726,2025-00051000,3-Jul-25,18:03,Pedestrian,CHARLES ST,SILVER SPRING ST ,John Benros,481,3-Jul-25,"Two-Way , Not Divided",Dry,Daylight,Clear,Other,No,Traffic Control Signal,3,0,No Injury,,41.84481,-71.4187,1,,,,1
925740,2025-00051255,4-Jul-25,11:58,Other,SILVER LAKE AVE,FARMINGTON AVE ,Jephte Wagnac,141,4-Jul-25,"Two-Way , Not Divided",Dry,Daylight,Clear,Angle (Front - to - Side) Opposite Direction,"Yes, M/V and Driver Left Scene",No Controls,3,0,No Injury,,41.80653,-71.46279,,,,,2
925746,2025-00051429,4-Jul-25,20:53,Bicycle,HUNTINGTON AVE,CRANSTON ST ,Lucas Ramalho,507,4-Jul-25,"Two-Way, Divided, Positive Median Barrier",Dry,Dark - Lighted,Clear,Not a Collision Between Two Motor Vehicles in Transport,No,Traffic Control Signal,8,1,Complains Of Pain,,41.80372,-71.43924,,1,,,1
925906,2025-00051285,4-Jul-25,13:33,Pedestrian,CHALKSTONE AVE,ACADEMY AVE ,Raleek Byfield,375,10-Jul-25,"Two-Way, Divided, Unprotected (painted>4feet) Medium",Dry,Daylight,Clear,Not a Collision Between Two Motor Vehicles in Transport,No,Traffic Control Signal,3,0,No Injury,,41.83245,-71.44458,1,,,,1
925765,2025-00051787,5-Jul-25,17:25,Other,HAWTHORNE AVE,HAWTHORNE AVE ,Cory Nicholls,609,5-Jul-25,"Two-Way , Not Divided",Dry,Daylight,Clear,Unknown,"Yes, M/V and Driver Left Scene",No Controls,1,1,Complains Of Pain,,41.79276,-71.40809,,1,,,1
925766,2025-00051846,5-Jul-25,21:27,Bicycle,BROAD ST,BROAD ST ,Lane,109,5-Jul-25,"Two-Way, Divided, Unprotected (painted>4feet) Medium",Dry,Dark - Lighted,Clear,Angle (Front - to - Side) Right Angle (Includes Broadside),"Yes, M/V and Driver Left Scene",No Controls,1,1,Complains Of Pain,,41.79217,-71.40717,,1,,,1
925770,2025-00051713,5-Jul-25,12:45,Pedestrian,BUTTON HOLE DR,GLENBRIDGE AVE ,Stephen Noti,119,6-Jul-25,"Two-Way , Not Divided",Dry,Daylight,Clear,"Sideswipe, Same Direction","Yes, M/V and Driver Left Scene",No Controls,1,1,Complains Of Pain,,41.82307,-71.46046,1,,X,,1
925824,2025-00052520,7-Jul-25,19:29,Other,ELMWOOD AVE,EXIT ,Nicolas Lafazia,369,7-Jul-25,"Two-Way, Divided, Unprotected (painted>4feet) Medium",Dry,Daylight,Clear,Rear End(Front-to-Rear),"Yes, M/V and Driver Left Scene",No Controls,4,1,Complains Of Pain,,41.78263,-71.41919,,,,,3
926328,2025-00057735,8-Jul-25,10:44,Pedestrian,WILSON ST,FULLER ST ,Jason Clancy,999,25-Jul-25,Unknown,Dry,Daylight,Clear,"Sideswipe, Same Direction","Yes, M/V and Driver Left Scene",Unknown,1,0,Unknown,,41.81129,-71.42405,1,,,,1
925883,2025-00052992,9-Jul-25,11:59,Other,355 PRAIRIE AVE,REYNOLDS AVE ,Hansel Ventura,570,9-Jul-25,Unknown,Dry,Daylight,Cloudy,"Sidwswipe, Opposite Direction","Yes, Driver Left Scene",No Controls,3,0,Unknown,,41.80446,-71.41435,,,,,2
925922,2025-00053231,10-Jul-25,10:38,Pedestrian,WEYBOSSET ST,PECK ST ,Michael Baldassare,568,10-Jul-25,One-Way Trafficway,Wet,Daylight,Rain,Not a Collision Between Two Motor Vehicles in Transport,No,No Controls,3,1,Non-Incapacitating,,41.82357,-71.41028,1,,,,1
925932,2025-00053412,10-Jul-25,22:07,Pedestrian,VIOLA ST,DORCHESTER AVE ,Ralph Abenante,511,10-Jul-25,"Two-Way , Not Divided",Dry,Dark - Lighted,Cloudy,Not a Collision Between Two Motor Vehicles in Transport,No,No Controls,2,1,Complains Of Pain,,41.81268,-71.45223,1,,,,1
925935,2025-00053354,10-Jul-25,19:04,Bicycle,JEWETT ST,CALVERLY ST ,Lucas Ramalho,507,10-Jul-25,"Two-Way , Not Divided",Dry,Daylight,Clear,Not a Collision Between Two Motor Vehicles in Transport,No,Stop Signs,5,1,Complains Of Pain,,41.83261,-71.42097,,1,,,1
925964,2025-00053694,11-Jul-25,21:13,Pedestrian,CHALKSTONE AVE,ROSEBANK AVE ,Lane,109,11-Jul-25,"Two-Way, Divided, Unprotected (painted>4feet) Medium",Dry,Dark - Lighted,Clear,Not a Collision Between Two Motor Vehicles in Transport,"Yes, M/V and Driver Left Scene",No Controls,1,1,Complains Of Pain,,41.83387,-71.43316,1,,,,1
925965,2025-00053700,11-Jul-25,21:22,Bicycle,N MAIN ST,1ST ST ,Ralph Abenante,511,11-Jul-25,"Two-Way, Divided, Positive Median Barrier",Dry,Dark - Lighted,Clear,Not a Collision Between Two Motor Vehicles in Transport,No,Stop Signs,2,1,Non-Incapacitating,,41.84997,-71.40303,,1,,,1
926031,2025-00053618,11-Jul-25,10:30,Other,MANTON AVE,,Jason Clancy,999,14-Jul-25,Unknown,Dry,Daylight,Clear,Unknown,No,No Controls,3,0,Unknown,,,,,,,,2
926004,2025-00054259,13-Jul-25,10:47,Pedestrian,CHARLES ST,SILVER SPRING ST ,Hector Viruet,614,13-Jul-25,Unknown,Dry,Daylight,Clear,Not a Collision Between Two Motor Vehicles in Transport,"Yes, M/V and Driver Left Scene",No Controls,2,1,Complains Of Pain,,41.84481,-71.4187,1,,,,1
926021,2025-00054190,13-Jul-25,2:31,Other,E FRANKLIN ST/POINT ST,HOPPIN ST ,Gabrielle O'Loughlin,680,13-Jul-25,One-Way Trafficway,Dry,Dark - Lighted,Clear,Angle (Front - to - Side) Same Direction,"Yes, M/V and Driver Left Scene",No Controls,3,0,No Injury,,41.81517,-71.4115,,,,,2
926023,2025-00054445,13-Jul-25,22:41,Other,PARK ST,BROWNELL ST ,Erik Lane,109,14-Jul-25,"Two-Way, Divided, Unprotected (painted>4feet) Medium",Dry,Dark - Lighted,Clear,Not a Collision Between Two Motor Vehicles in Transport,No,No Controls,3,1,Non-Incapacitating,,41.83023,-71.41735,,1,X,,1
926024,2025-00054200,13-Jul-25,3:03,Other,S MAIN ST,410 S MAIN ST,Gabrielle O'Loughlin,680,14-Jul-25,One-Way Trafficway,Dry,Dark - Lighted,Clear,"Sideswipe, Same Direction","Yes, M/V and Driver Left Scene",No Controls,5,0,No Injury,,41.8194,-71.40168,,,,,2
926058,2025-00054888,13-Jul-25,3:05,Pedestrian,PINE ST,,Jason Clancy,999,15-Jul-25,Unknown,Dry,Dark - Unknown Lighting,Clear,Head-On (Front - to - Front),"Yes, M/V and Driver Left Scene",Unknown,1,0,Unknown,,,,1,,,,1
926046,2025-00054685,14-Jul-25,17:17,Pedestrian,WATERMAN ST,THAYER ST ,Ptlm. Castagliuolo,351,14-Jul-25,"Two-Way , Not Divided",Dry,Daylight,Clear,Not a Collision Between Two Motor Vehicles in Transport,No,Traffic Control Signal,2,1,Complains Of Pain,,41.82728,-71.40054,1,,,,1
926077,2025-00055165,14-Jul-25,14:35,Other,PROVIDENCE PL,,Jason Clancy,999,16-Jul-25,Unknown,Dry,Daylight,Clear,Unknown,"Yes, M/V and Driver Left Scene",Unknown,2,0,Unknown,,,,,,,,2
926083,2025-00055224,14-Jul-25,14:30,Pedestrian,SUMMIT AVE,,Jason Clancy,999,16-Jul-25,Unknown,Dry,Daylight,Clear,Other,"Yes, M/V and Driver Left Scene",Unknown,1,0,Unknown,,,,1,,,,1
926210,2025-00054603,14-Jul-25,11:57,Other,WEISS CT,THURBERS AVE ,Michelle Nunez,140,21-Jul-25,Unknown,Dry,Daylight,Clear,Unknown,"Yes, M/V and Driver Left Scene",No Controls,2,0,Unknown,,41.79808,-71.41382,,,,,2
926131,2025-00055757,15-Jul-25,8:15,Pedestrian,N MAIN ST,NORTH CT ,Jason Clancy,999,18-Jul-25,One-Way Trafficway,Dry,Daylight,Clear,Other,"Yes, M/V and Driver Left Scene",Unknown,2,1,Complains Of Pain,,41.82916,-71.40982,1,,,,1
926093,2025-00055267,16-Jul-25,17:26,Other,KENWOOD ST,MESSER ST ,Ruben Morales,685,16-Jul-25,"Two-Way , Not Divided",Dry,Daylight,Clear,"Sideswipe, Same Direction","Yes, M/V and Driver Left Scene",No Controls,2,0,Unknown,,41.80991,-71.43438,,,,,2
926175,2025-00055274,16-Jul-25,17:38,Other,ADMIRAL ST,DOUGLAS AVE ,Ryan Fernandes,125,19-Jul-25,Unknown,Dry,Daylight,Clear,Rear End(Front-to-Rear),"Yes, M/V and Driver Left Scene",No Controls,3,0,Unknown,,41.84609,-71.42922,,,,,2
926117,2025-00055509,17-Jul-25,15:49,Bicycle,Chad Brown St,CAMDEN AVE ,Tyler Calandra,418,17-Jul-25,"Two-Way , Not Divided",Dry,Daylight,Clear,Angle (Front - to - Side) Right Angle (Includes Broadside),No,No Controls,2,1,Complains Of Pain,,41.83888,-71.42671,,1,,,1
926127,2025-00055640,17-Jul-25,23:15,Pedestrian,WESTMINSTER ST,PARADE ST ,Lane,109,17-Jul-25,"Two-Way, Divided, Unprotected (painted>4feet) Medium",Dry,Dark - Lighted,Clear,Not a Collision Between Two Motor Vehicles in Transport,No,No Controls,2,1,Complains Of Pain,,41.81634,-71.43354,1,,,,1
926134,2025-00055785,17-Jul-25,11:30,Pedestrian,CHARLES ST,,Jason Clancy,999,18-Jul-25,Unknown,Dry,Daylight,Clear,Other,No,Unknown,2,1,Complains Of Pain,,,,1,,,,1
926153,2025-00056033,19-Jul-25,3:59,Pedestrian,SPICER ST,BERNARD ST ,Ptlm. Carias,127,19-Jul-25,"Two-Way, Not Divided With a Continuous Left Turn Lane",Dry,Dark - Lighted,Clear,Not a Collision Between Two Motor Vehicles in Transport,"Yes, M/V and Driver Left Scene",No Controls,6,1,Complains Of Pain,,41.79118,-71.40602,1,,,,1
926168,2025-00056106,19-Jul-25,12:53,Pedestrian,BROAD ST,CAHIR ST ,Ptlm. Castagliuolo,351,19-Jul-25,"Two-Way , Not Divided",Dry,Daylight,Clear,Not a Collision Between Two Motor Vehicles in Transport,No,Traffic Control Signal,2,0,No Injury,,41.81692,-71.41795,1,,,,1
926171,2025-00056156,19-Jul-25,16:31,Pedestrian,ADELAIDE AVE,HAMILTON ST ,Ptlm. Castagliuolo,351,19-Jul-25,"Two-Way , Not Divided",Dry,Daylight,Clear,Not a Collision Between Two Motor Vehicles in Transport,No,Stop Signs,3,1,Complains Of Pain,,41.79739,-71.42014,1,,X,,1
926204,2025-00056284,19-Jul-25,23:21,Other,PENNSYLVANIA AVE,PRAIRIE AVE ,Tyler Cargill,619,21-Jul-25,"Two-Way , Not Divided",Dry,Dark - Lighted,Clear,Angle - Direction Not Specified,"Yes, M/V and Driver Left Scene",No Controls,2,0,No Injury,,41.79744,-71.4137,,,,,2
926196,2025-00056601,20-Jul-25,18:47,Bicycle,ERNEST ST,ALLENS AVE ,Lane,109,20-Jul-25,"Two-Way, Divided, Unprotected (painted>4feet) Medium",Dry,Dusk,Cloudy,Not a Collision Between Two Motor Vehicles in Transport,"Yes, M/V and Driver Left Scene",No Controls,1,1,Complains Of Pain,,41.79481,-71.39793,,1,,,1
926304,2025-00057454,20-Jul-25,1:55,Pedestrian,ATWELLS AVE,,Jason Clancy,999,24-Jul-25,"Two-Way , Not Divided",Dry,Dark - Unknown Lighting,Clear,Unknown,"Yes, M/V and Driver Left Scene",Unknown,2,1,Complains Of Pain,,,,1,,,,1
926233,2025-00056892,21-Jul-25,16:22,Bicycle,Aldrich St,BROAD ST ,Tyler Calandra,418,21-Jul-25,"Two-Way , Not Divided",Dry,Daylight,Clear,Not a Collision Between Two Motor Vehicles in Transport,No,No Controls,3,1,Complains Of Pain,,41.79417,-71.40789,,1,,,1
926270,2025-00057226,22-Jul-25,20:33,Pedestrian,CHALKSTONE AVE,OAKLAND AVE ,Lucas Ramalho,507,22-Jul-25,"Two-Way , Not Divided",Dry,Dark - Lighted,Clear,Not a Collision Between Two Motor Vehicles in Transport,No,Traffic Control Signal,2,1,Non-Incapacitating,,41.83419,-71.43024,1,,,,1
926287,2025-00057068,22-Jul-25,10:07,Other,PARK ROW WEST,AMERICAN EXPRESS PLZ ,Hildenise Espanol,137,23-Jul-25,"Two-Way , Not Divided",Dry,Daylight,Clear,Rear End(Front-to-Rear),No,No Controls,4,0,No Injury,,41.82851,-71.41297,,,,,2
926298,2025-00057503,23-Jul-25,20:15,Other,ELMWOOD AVE,PARKIS AVE ,Matthew Carlone,602,23-Jul-25,"Two-Way , Not Divided",Dry,Dusk,Clear,"Sideswipe, Same Direction",No,No Controls,3,0,No Injury,,41.80908,-71.42453,,,,,2
926306,2025-00057613,24-Jul-25,7:09,Bicycle,STEWART ST,FRIENDSHIP ST,Hansel Ventura,570,24-Jul-25,"Two-Way , Not Divided",Dry,Daylight,Clear,Not a Collision Between Two Motor Vehicles in Transport,No,Stop Signs,2,1,Non-Incapacitating,,41.81511,-71.41599,,1,,,1
926313,2025-00057663,24-Jul-25,11:01,Other,HOLLIS STREET,DIAMOND ST ,Hildenise Espanol,137,24-Jul-25,"Two-Way , Not Divided",Dry,Daylight,Clear,"Sideswipe, Same Direction",No,No Controls,4,0,No Injury,,41.81062,-71.43007,,,,,2
926498,2025-00059782,24-Jul-25,22:00,Other,PIKE ST, S WATER ST,Jason Clancy,999,31-Jul-25,Unknown,Dry,Dark - Unknown Lighting,Clear,Unknown,"Yes, M/V and Driver Left Scene",Unknown,2,0,Unknown,,41.81771,-71.40083,,,,,2
926359,2025-00058193,26-Jul-25,0:43,Other,343 Broad St,,Oliveira,688,26-Jul-25,Unknown,Dry,Dark - Lighted,Clear,Rear End(Front-to-Rear),"Yes, M/V and Driver Left Scene",Unknown,2,0,No Injury,,,,,,,,2
926360,2025-00058207,26-Jul-25,1:24,Other,72 Mawney St ,,Lucas Oliveira,688,26-Jul-25,"Two-Way , Not Divided",Dry,Dark - Lighted,Clear,"Sideswipe, Same Direction","Yes, M/V and Driver Left Scene",No Controls,2,0,No Injury,,,,,,,,2
926370,2025-00058318,26-Jul-25,13:07,Pedestrian,MANTON AVE,CHAFFEE ST ,Ptlm. Castagliuolo,351,26-Jul-25,"Two-Way , Not Divided",Dry,Daylight,Clear,Not a Collision Between Two Motor Vehicles in Transport,No,Pavement Markings,3,1,Complains Of Pain,,41.81867,-71.44557,1,,X,,1
926429,2025-00058918,29-Jul-25,13:45,Other,101 CRANSTON ST,,Raleek Byfield,375,29-Jul-25,"Two-Way , Not Divided",Dry,Daylight,Clear,Not a Collision Between Two Motor Vehicles in Transport,"Yes, M/V and Driver Left Scene",No Controls,3,0,No Injury,,41.81567,-71.42436,,,,,1
926455,2025-00059368,29-Jul-25,22:12,Pedestrian,CARPENTER ST,VINTON ST ,Ralph Abenante,511,29-Jul-25,"Two-Way , Not Divided",Dry,Dark - Lighted,Clear,Not a Collision Between Two Motor Vehicles in Transport,No,No Controls,2,1,Non-Incapacitating,,41.81858,-71.42673,1,,,,1
926483,2025-00059661,30-Jul-25,23:19,Pedestrian,BROAD ST,FOSTER ST ,Lane,109,30-Jul-25,"Two-Way, Divided, Unprotected (painted>4feet) Medium",Dry,Dark - Lighted,Clear,Not a Collision Between Two Motor Vehicles in Transport,"Yes, M/V and Driver Left Scene",No Controls,1,1,Complains Of Pain,,41.81865,-71.41561,1,,,,1
926513,2025-00059996,1-Aug-25,4:35,Other,HOME AVE,BOLTON AVE ,Anthony Nuzzo,663,1-Aug-25,"Two-Way , Not Divided",Wet,Dark - Unknown Lighting,Rain,Rear End(Front-to-Rear),"Yes, M/V and Driver Left Scene",No Controls,2,0,No Injury,1,41.83639,-71.44552,,,,,2
926533,2025-00060134,1-Aug-25,16:00,Bicycle,BLACKSTONE BLVD,UPTON AVE ,Patrick Hourahan,243,1-Aug-25,One-Way Trafficway,Dry,Daylight,Clear,Not a Collision Between Two Motor Vehicles in Transport,No,No Controls,2,0,No Injury,,41.83924,-71.38567,,1,X,,1
926597,2025-00060166,1-Aug-25,17:44,Other,WHITEHALL ST,UNION AVE ,Alexander Frias,669,3-Aug-25,"Two-Way , Not Divided",Dry,Daylight,Clear,"Sidwswipe, Opposite Direction",No,No Controls,6,0,No Injury,,41.80778,-71.4439,,,,,3
926566,2025-00060546,2-Aug-25,21:00,Pedestrian, BROAD ST,BROAD ST ,Lucas Ramalho,507,3-Aug-25,"Two-Way , Not Divided",Dry,Dark - Lighted,Clear,Not a Collision Between Two Motor Vehicles in Transport,"Yes, M/V and Driver Left Scene",No Controls,1,1,Non-Incapacitating,,41.81369,-71.42159,1,,,,1
926567,2025-00060534,2-Aug-25,20:27,Pedestrian,BROAD ST,BROAD ST ,Lucas Ramalho,507,3-Aug-25,"Two-Way , Not Divided",Dry,Dark - Lighted,Clear,Not a Collision Between Two Motor Vehicles in Transport,"Yes, M/V and Driver Left Scene",No Controls,1,1,Complains Of Pain,,41.81418,-71.42128,1,,,,1
926573,2025-00060600,2-Aug-25,10:15,Other,FOUNTAIN ST,EMPIRE ST ,Dondre Dacosta,662,3-Aug-25,One-Way Trafficway,Dry,Dark - Lighted,Clear,"Sideswipe, Same Direction","Yes, Driver Left Scene",No Controls,3,0,Unknown,,41.82245,-71.41699,,,,,3
926587,2025-00060822,3-Aug-25,16:01,Pedestrian,N MAIN ST,10TH ST ,Tyler Calandra,418,3-Aug-25,"Two-Way , Not Divided",Dry,Daylight,Clear,Angle (Front - to - Side) Right Angle (Includes Broadside),No,No Controls,3,1,Complains Of Pain,,41.85545,-71.40003,1,,X,,1
926601,2025-00060988,4-Aug-25,1:42,Other,WESTMINSTER ST,BRIDGHAM ST ,Samuel Sesay,612,4-Aug-25,"Two-Way , Not Divided",Dry,Dark - Lighted,Clear,Not a Collision Between Two Motor Vehicles in Transport,"Yes, M/V and Driver Left Scene",Unknown,1,1,Incapacitating,,41.8169,-71.42848,,,X,,2
926644,2025-00061176,4-Aug-25,16:15,Other,WASHINGTON ST,SNOW ST ,Ruben Morales,685,4-Aug-25,Unknown,Dry,Dark - Lighted,Clear,Unknown,"Yes, M/V and Driver Left Scene",No Controls,2,0,No Injury,,41.82242,-71.41564,,,,,2
926663,2025-00061353,5-Aug-25,7:20,Other,TELL STREET,KNIGHT ST ,Hildenise Espanol,137,5-Aug-25,"Two-Way , Not Divided",Dry,Daylight,Clear,"Sideswipe, Same Direction",No,No Controls,4,0,No Injury,,41.82214,-71.4314,,,,,2
926745,2025-00062077,5-Aug-25,10:25,Pedestrian,UNION AVE,,Jason Clancy,999,8-Aug-25,"Two-Way , Not Divided",Dry,Daylight,Clear,"Sideswipe, Same Direction","Yes, M/V and Driver Left Scene",Unknown,3,1,Complains Of Pain,,,,1,,,,1
926875,2025-00062982,5-Aug-25,14:00,Other,THAYER ST,MEETING ST ,Jason Clancy,999,12-Aug-25,One-Way Trafficway,Dry,Daylight,Clear,Unknown,"Yes, M/V and Driver Left Scene",Unknown,3,0,Unknown,,41.82921,-71.4008,,,,,2
926704,2025-00061751,6-Aug-25,15:38,Pedestrian,PUBLIC ST,BROAD ST ,Cassidy Simanski,132,6-Aug-25,"Two-Way, Divided, Unprotected (painted>4feet) Medium",Dry,Daylight,Clear,Not a Collision Between Two Motor Vehicles in Transport,No,Traffic Control Signal,2,1,Complains Of Pain,,41.80442,-71.41935,1,,X,,1
926740,2025-00062198,8-Aug-25,6:52,Other,BASSETT ST,HOPPIN ST ,Jephte Wagnac,141,8-Aug-25,"Two-Way , Not Divided",Dry,Daylight,Clear,Rear End(Front-to-Rear),"Yes, M/V and Driver Left Scene",No Controls,2,1,Complains Of Pain,,41.8167,-71.41233,,,,,2
926757,2025-00062289,8-Aug-25,12:14,Pedestrian,PLAIN ST,LOCKWOOD ST ,Raleek Byfield,375,8-Aug-25,"Two-Way , Not Divided",Dry,Daylight,Clear,Not a Collision Between Two Motor Vehicles in Transport,"Yes, M/V and Driver Left Scene",No Controls,4,1,Complains Of Pain,,41.81163,-71.41171,1,,,,1
926770,2025-00062405,8-Aug-25,19:20,Pedestrian,LINDEN AVE,ELMWOOD AVE ,Tyler Calandra,418,8-Aug-25,"Two-Way , Not Divided",Dry,Daylight,Clear,Other,No,No Controls,6,1,Complains Of Pain,,41.78614,-71.41946,1,,,,1