CrashReportId,ReportNumber,CrashDate,CrashTime,Collision Type,StreetOrHighway,NearestIntersection,Officer,Badge,ReportDate,TypeOfRoadway,RoadSurfaceCondition,LightCondition,WeatherCondition,MannerofImpact,HitAndRun,TrafficControl,PersonCount,InjuryCount,MostSeriousInjury,NumberOfLanes,Latitude,Longitude,CountPedestrian,CountBicycle,Scooter,Wheel Chair,NumberofVehicles
926797,2025-00062769,9-Aug-25,20:40,Other,Cranston St ,GILMORE ST ,Tyler Calandra,418,9-Aug-25,"Two-Way , Not Divided",Dry,Dark - Lighted,Clear,Rear End(Front-to-Rear),No,No Controls,2,1,Complains Of Pain,,41.81375,-71.42733,,1,,,1
926803,2025-00062975,10-Aug-25,11:28,Other,DIKE STREET,ATWOOD STREET,Jephte Wagnac,141,10-Aug-25,"Two-Way , Not Divided",Dry,Daylight,Clear,Not a Collision Between Two Motor Vehicles in Transport,"Yes, M/V and Driver Left Scene",No Controls,3,0,No Injury,,,,,,,,2
926812,2025-00062876,10-Aug-25,1:56,Pedestrian,WESTMINSTER ST,EMPIRE ST ,Ralph Abenante,511,10-Aug-25,"Two-Way, Divided, Unprotected (painted>4feet) Medium",Dry,Dark - Lighted,Clear,Not a Collision Between Two Motor Vehicles in Transport,No,Other,3,2,Complains Of Pain,,41.82097,-71.41532,2,,,,1
926884,2025-00063731,12-Aug-25,18:04,Pedestrian,BRIDGHAM ST,JUNCTION ST ,Raymond Criner,340,12-Aug-25,"Two-Way , Not Divided",Dry,Daylight,Clear,Not a Collision Between Two Motor Vehicles in Transport,No,Pavement Markings,3,1,Complains Of Pain,,41.81277,-71.42388,1,,,,1
927100,2025-00063752,12-Aug-25,19:39,Other,BROAD ST,BROAD ST ,Nicolas Lafazia,369,20-Aug-25,"Two-Way , Not Divided",Dry,Daylight,Clear,Rear End(Front-to-Rear),"Yes, M/V and Driver Left Scene",No Controls,2,0,No Injury,,41.7877,-71.40306,,,,,2
928472,2025-00063906,13-Aug-25,9:36,Pedestrian,PLAINFIELD ST,HARTFORD AVE ,Eder Delgado,580,26-Sep-25,One-Way Trafficway,Dry,Daylight,Clear,Not a Collision Between Two Motor Vehicles in Transport,No,Traffic Control Signal,3,1,Complains Of Pain,,41.81667,-71.44389,1,,,,1
926939,2025-00064430,14-Aug-25,21:10,Other,HAWTHORNE AVE,BROAD ST ,Nicolas Lafazia,369,14-Aug-25,"Two-Way , Not Divided",Dry,Dark - Lighted,Clear,Angle (Front - to - Side) Right Angle (Includes Broadside),No,No Controls,2,1,Complains Of Pain,,41.79292,-71.40814,,1,X,,1
926959,2025-00064643,15-Aug-25,15:51,Other,BLACKSTONE ST,I 195 RELOCATION ,Matthew Carlone,602,15-Aug-25,Unknown,Dry,Daylight,Clear,Unknown,"Yes, M/V and Driver Left Scene",No Controls,2,0,Unknown,,41.81033,-71.40583,,,,,2
926965,2025-00064688,15-Aug-25,18:16,Other,SILVER LAKE AVE,PLAINFIELD ST ,Tyler Calandra,418,15-Aug-25,"Two-Way , Not Divided",Dry,Daylight,Clear,Angle (Front - to - Side) Right Angle (Includes Broadside),No,No Controls,4,1,Complains Of Pain,,41.80587,-71.46492,,1,,,1
926969,2025-00064741,15-Aug-25,21:20,Bicycle,North Main Street,Chace Avenue,Robert Raso,606,15-Aug-25,Unknown,Dry,Dark - Lighted,Clear,Not a Collision Between Two Motor Vehicles in Transport,"Yes, M/V and Driver Left Scene",No Controls,2,0,No Injury,,,,,1,,,1
926972,2025-00064583,15-Aug-25,11:35,Other,washington st,MEMORIAL BLVD ,Louis Gianfrancesco,350,16-Aug-25,One-Way Trafficway,Dry,Daylight,Clear,"Sideswipe, Same Direction",No,Traffic Control Signal,4,0,No Injury,2,41.82631,-71.41021,,,,,2
926987,2025-00065195,17-Aug-25,10:03,Other,Dudley street,CRARY STREET,Jephte Wagnac,141,17-Aug-25,Unknown,Dry,Daylight,Clear,Not a Collision Between Two Motor Vehicles in Transport,No,No Controls,2,0,No Injury,,,,,,,,2
926988,2025-00065207,17-Aug-25,11:21,Other,LOCKWOOD STREET,PRAIRIE AVE,Jephte Wagnac,141,17-Aug-25,"Two-Way , Not Divided",Dry,Daylight,Clear,Not a Collision Between Two Motor Vehicles in Transport,"Yes, M/V and Driver Left Scene",No Controls,2,0,No Injury,,,,,,,,2
927065,2025-00065887,19-Aug-25,18:34,Pedestrian,CHAD BROWN ST,JUNE ST ,Ptlm. Castagliuolo,351,19-Aug-25,"Two-Way , Not Divided",Dry,Daylight,Clear,Not a Collision Between Two Motor Vehicles in Transport,No,No Controls,3,1,Non-Incapacitating,,41.84137,-71.42256,1,,,,1
927069,2025-00065874,19-Aug-25,17:43,Other,138 Seamens St. ,,Mark Roman,120,19-Aug-25,"Two-Way , Not Divided",Dry,Daylight,Clear,Rear End(Front-to-Rear),No,No Controls,4,0,No Injury,,,,,,,,2
927096,2025-00066133,20-Aug-25,15:40,Pedestrian,ATWELLS AVE,MANTON AVE ,Tyler Calandra,418,20-Aug-25,"Two-Way , Not Divided",Dry,Daylight,Clear,Other,"Yes, M/V and Driver Left Scene",No Controls,1,1,Complains Of Pain,,41.82536,-71.45441,1,,X,,1
927202,2025-00066538,20-Aug-25,10:00,Other,RICHMOND SQ,,J Clancy,999,25-Aug-25,Unknown,Dry,Daylight,Clear,"Sideswipe, Same Direction","Yes, M/V and Driver Left Scene",Unknown,5,0,Unknown,,,,,,,,2
927104,2025-00066214,21-Aug-25,2:59,Other,385 HUNTINGTON AVE,STATE HWY 10 S ,M. Suarez,689,21-Aug-25,One-Way Trafficway,Wet,Dark - Not Lighted,Rain,Rear End(Front-to-Rear),No,No Controls,3,0,No Injury,,41.80496,-71.44108,,,,,2
927114,2025-00066293,21-Aug-25,10:35,Other,FOUNTAIN ST ,EMPIRE ST ,Mariangie Ponder,150,21-Aug-25,"Two-Way, Divided, Unprotected (painted>4feet) Medium",Dry,Daylight,Clear,Not a Collision Between Two Motor Vehicles in Transport,No,Traffic Control Signal,2,1,Complains Of Pain,,41.82234,-71.41712,,1,,,1
927118,2025-00066320,21-Aug-25,12:53,Other,600 Broad St,Wesleyam Ave,Luis Quinilla,572,21-Aug-25,"Two-Way , Not Divided",Dry,Daylight,Cloudy,"Sidwswipe, Opposite Direction","Yes, M/V and Driver Left Scene",No Controls,3,0,No Injury,2,,,,,,,2
927132,2025-00066470,22-Aug-25,1:25,Other,12 EAGLE ST ,,Lucas Oliveira,688,22-Aug-25,"Two-Way , Not Divided",Dry,Dark - Lighted,Clear,Rear - to - Side,"Yes, M/V and Driver Left Scene",No Controls,3,0,Unknown,,,,,,,,2
927145,2025-00066554,22-Aug-25,11:59,Bicycle,PAVILION AVE,EDDY ST ,Raleek Byfield,375,22-Aug-25,"Two-Way, Divided, Unprotected (painted>4feet) Medium",Dry,Daylight,Clear,Angle (Front - to - Side) Right Angle (Includes Broadside),No,Traffic Control Signal,3,1,Non-Incapacitating,,41.79767,-71.40522,,1,,,1
927190,2025-00067303,24-Aug-25,15:43,Other,ROYAL LITTLE DRIVE,FELIX MIRANDO WAY ,Ian Quinn,102,24-Aug-25,"Two-Way , Not Divided",Dry,Daylight,Clear,Unknown,"Yes, M/V and Driver Left Scene",No Controls,2,0,Unknown,2,41.85578,-71.40927,,,,,2
927265,2025-00067833,26-Aug-25,8:35,Pedestrian,ORMS ST,SMITH ST ,Ptlm. Castagliuolo,351,26-Aug-25,"Two-Way , Not Divided",Dry,Daylight,Clear,Not a Collision Between Two Motor Vehicles in Transport,No,Traffic Control Signal,2,1,Non-Incapacitating,,41.83376,-71.42199,1,,,,1
927271,2025-00067933,26-Aug-25,15:20,Other,VALLEY STREET ,WOLCOTT ST ,Saramarie Cerullo,151,26-Aug-25,"Two-Way, Not Divided With a Continuous Left Turn Lane",Dry,Daylight,Clear,Angle (Front - to - Side) Same Direction,No,Stop Signs,3,1,Complains Of Pain,,41.829,-71.43331,,,,,2
927281,2025-00068033,26-Aug-25,22:00,Pedestrian,COLLEGE ST,COLLEGE ST ,Ralph Abenante,511,26-Aug-25,One-Way Trafficway,Dry,Dark - Lighted,Clear,Not a Collision Between Two Motor Vehicles in Transport,No,Traffic Control Signal,3,1,Non-Incapacitating,,41.82564,-71.40784,1,,,,1
927311,2025-00067936,26-Aug-25,15:34,Other,ANCHOR ST,APPIAN ST ,Ryan Fernandes,125,27-Aug-25,"Two-Way , Not Divided",Dry,Daylight,Clear,Angle (Front - to - Side) Same Direction,"Yes, M/V and Driver Left Scene",No Controls,3,0,Unknown,,41.84754,-71.42776,,,,,2
927293,2025-00068159,27-Aug-25,10:52,Bicycle,PINE ST,EAST FRANKLIN ST,Ptlm. Castagliuolo,351,27-Aug-25,One-Way Trafficway,Dry,Daylight,Clear,Not a Collision Between Two Motor Vehicles in Transport,No,Stop Signs,3,1,Complains Of Pain,,41.81724,-71.41505,,1,,,1
927303,2025-00068218,27-Aug-25,14:18,Pedestrian,NORTH MAIN ST,FROST ST ,Ptlm. Castagliuolo,351,27-Aug-25,"Two-Way, Divided, Positive Median Barrier",Dry,Daylight,Clear,Not a Collision Between Two Motor Vehicles in Transport,No,Pavement Markings,3,1,Incapacitating,,41.85064,-71.40279,1,,,,1
927390,2025-00069075,30-Aug-25,12:15,Other,HUNTINGTON AVE,DEXTER ST ,Manuel Vlaun,551,30-Aug-25,"Two-Way , Not Divided",Dry,Daylight,Clear,Not a Collision Between Two Motor Vehicles in Transport,No,Stop Signs,3,1,Complains Of Pain,,41.80092,-71.43152,,1,,,1
927413,2025-00069353,31-Aug-25,0:46,Other,MEMORIAL BLVD,WESTMINSTER ST ,Lucas Ramalho,507,31-Aug-25,"Two-Way, Divided, Positive Median Barrier",Dry,Dark - Lighted,Clear,Not a Collision Between Two Motor Vehicles in Transport,No,Traffic Control Signal,3,1,Complains Of Pain,,41.82548,-71.40904,,,X,,1
927415,2025-00069423,31-Aug-25,2:58,Pedestrian,BROADWAY,VINTON ST ,Irving Liriano,631,31-Aug-25,"Two-Way , Not Divided",Dry,Daylight,Clear,Angle (Front - to - Side) Opposite Direction,"Yes, M/V and Driver Left Scene",No Controls,1,1,Complains Of Pain,,41.82007,-71.42819,1,,,,1
927438,2025-00069630,31-Aug-25,19:34,Other,LAUREL HILL AVE,CLEVELAND ST ,Nathaniel Colicci,534,31-Aug-25,"Two-Way , Not Divided",Dry,Daylight,Clear,"Sideswipe, Same Direction","Yes, M/V and Driver Left Scene",No Controls,2,0,Unknown,,41.8156,-71.45584,,,,,2
927439,2025-00069611,31-Aug-25,18:10,Pedestrian,INDIA ST,S MAIN ST ,Kelsey Woodbine,633,31-Aug-25,"Two-Way , Not Divided",Dry,Daylight,Clear,Other,No,Person,2,0,No Injury,,41.81634,-71.39893,1,,,,1
927440,2025-00069649,31-Aug-25,20:41,Bicycle,UNION AVE,ATWOOD ST ,Erik Lane,109,31-Aug-25,"Two-Way, Divided, Unprotected (painted>4feet) Medium",Dry,Dark - Lighted,Clear,Other,No,No Controls,2,1,Complains Of Pain,,41.80815,-71.44248,,1,,,1
927595,2025-00069594,31-Aug-25,17:15,Other,PEARL ST,GAY ST,Ruben Morales,685,3-Sep-25,Unknown,Dry,Daylight,Clear,Unknown,"Yes, M/V and Driver Left Scene",Pavement Markings,2,0,Unknown,,,,,,,,2
927497,2025-00070138,2-Sep-25,10:48,Pedestrian,EMPIRE ST,WASHINGTON ST ,Michael Baldassare,568,2-Sep-25,"Two-Way , Not Divided",Dry,Daylight,Clear,Not a Collision Between Two Motor Vehicles in Transport,No,No Controls,3,0,No Injury,,41.82142,-71.41592,1,,,,1
927504,2025-00999994,2-Sep-25,13:21,Pedestrian,ROCHAMBEAU AVE ,BLACKSTONE BLVD ,Raleek Byfield,375,2-Sep-25,"Two-Way, Divided, Unprotected (painted>4feet) Medium",Dry,Daylight,Clear,Head-On (Front - to - Front),No,Stop Signs,2,2,Incapacitating,,41.84552,-71.38699,1,,,,1
927579,2025-00070389,3-Sep-25,8:23,Other,SMITH ST,ACADEMY AVE ,Jason Dennis,392,3-Sep-25,"Two-Way , Not Divided",Dry,Daylight,Clear,Not a Collision Between Two Motor Vehicles in Transport,No,No Controls,3,0,No Injury,,41.84281,-71.4457,,1,,,1
927586,2025-00070508,3-Sep-25,16:16,Other,Friendship St,DORRANCE ST ,Matthew Kelley,186,3-Sep-25,One-Way Trafficway,Dry,Daylight,Clear,Angle (Front - to - Side) Right Angle (Includes Broadside),No,Traffic Control Signal,3,1,Non-Incapacitating,,41.82197,-71.40949,,,X,,2
927588,2025-00070493,3-Sep-25,15:28,Pedestrian,FLORENCE ST,AMHERST ST ,Raymond Criner,340,3-Sep-25,"Two-Way , Not Divided",Dry,Daylight,Clear,Not a Collision Between Two Motor Vehicles in Transport,No,Pavement Markings,4,1,Complains Of Pain,,41.82327,-71.4457,1,,,,1
927634,2025-00070868,4-Sep-25,17:39,Other,POWER ST,IVES ST ,Stephanie Teran,625,4-Sep-25,"Two-Way , Not Divided",Dry,Daylight,Clear,Angle (Front - to - Side) Right Angle (Includes Broadside),"Yes, M/V and Driver Left Scene",No Controls,2,0,No Injury,,41.82372,-71.3918,,,,,2
927637,2025-00070940,5-Sep-25,22:51,Pedestrian,LAUREL HILL AVE,PLAINFIELD ST ,Lane,109,5-Sep-25,One-Way Trafficway,Dry,Dark - Lighted,Clear,Not a Collision Between Two Motor Vehicles in Transport,No,No Controls,3,1,Complains Of Pain,,41.81314,-71.45538,1,,,,1
927700,2025-00071307,5-Sep-25,22:12,Pedestrian,VALLEY ST,GENNARO PL ,Erik Lane,109,5-Sep-25,"Two-Way, Divided, Unprotected (painted>4feet) Medium",Dry,Dark - Lighted,Clear,Not a Collision Between Two Motor Vehicles in Transport,"Yes, M/V and Driver Left Scene",No Controls,1,1,Complains Of Pain,,41.82178,-71.4401,1,,,,1
927701,2025-00071318,5-Sep-25,23:14,Pedestrian,PLAINFIELD ST,RALPH ST ,Erik Lane,109,5-Sep-25,"Two-Way, Divided, Unprotected (painted>4feet) Medium",Dry,Dark - Lighted,Clear,Not a Collision Between Two Motor Vehicles in Transport,"Yes, M/V and Driver Left Scene",No Controls,1,1,Complains Of Pain,,41.81344,-71.45364,1,,,,1
927725,2025-00071158,5-Sep-25,15:08,Other,NIAGARA ST,LEXINGTON AVE ,Ruben Morales,685,6-Sep-25,"Two-Way , Not Divided",Dry,Daylight,Clear,Unknown,"Yes, M/V and Driver Left Scene",No Controls,2,0,Unknown,,41.79929,-71.41901,,,,,2
927726,2025-00071149,5-Sep-25,14:30,Pedestrian,Broad St,Lockwood st,Conor Fleurant,171,6-Sep-25,"Two-Way , Not Divided",Dry,Daylight,Clear,Not a Collision Between Two Motor Vehicles in Transport,No,No Controls,2,2,Complains Of Pain,2,,,1,,X,,1
927710,2025-00071493,6-Sep-25,11:46,Pedestrian,EMPIRE ST,BROADWAY ,Ptlm. Castagliuolo,351,6-Sep-25,"Two-Way , Not Divided",Dry,Daylight,Clear,Not a Collision Between Two Motor Vehicles in Transport,No,Traffic Control Signal,3,1,Complains Of Pain,,41.82298,-71.41741,1,,,,1
927793,2025-00072251,8-Sep-25,23:32,Other,DEAN ST,PROMENADE ST ,Aidan Pendergast,651,9-Sep-25,"Two-Way, Divided, Positive Median Barrier",Dry,Dark - Lighted,Clear,Not a Collision Between Two Motor Vehicles in Transport,No,Traffic Control Signal,3,1,Complains Of Pain,,41.82923,-71.42672,,1,,,1
927824,2025-00072352,8-Sep-25,14:30,Other,VALLEY ST,,J Clancy,999,9-Sep-25,Unknown,Dry,Daylight,Clear,Unknown,No,Unknown,3,0,Unknown,,,,,,,,2
927825,2025-00072406,8-Sep-25,15:00,Other,E MANNING ST,WAYLAND AVE ,J Clancy,999,9-Sep-25,"Two-Way , Not Divided",Dry,Daylight,Clear,Unknown,"Yes, M/V and Driver Left Scene",Unknown,2,0,Unknown,,41.82736,-71.38861,,,,,2
927904,2025-00072951,8-Sep-25,16:25,Pedestrian,S MAIN ST,,J Clancy,999,11-Sep-25,One-Way Trafficway,Dry,Daylight,Clear,Unknown,No,Unknown,1,1,Complains Of Pain,,41.81905,-71.40097,1,,,,1
927826,2025-00072401,9-Sep-25,7:56,Other,BRANCH AVE,OPPER ST ,J Clancy,999,9-Sep-25,Unknown,Dry,Daylight,Clear,Unknown,"Yes, M/V and Driver Left Scene",Unknown,3,0,Unknown,,41.85175,-71.42341,,,,,2
927834,2025-00072449,9-Sep-25,17:29,Bicycle,BROAD ST,BROAD ST ,Matthew Carlone,602,9-Sep-25,Unknown,Dry,Daylight,Clear,Not a Collision Between Two Motor Vehicles in Transport,No,No Controls,2,1,Complains Of Pain,,41.80966,-71.42098,,1,,,1
927836,2025-00072450,9-Sep-25,17:29,Pedestrian,CANAL ST,SMITH ST ,Raymond Criner,340,9-Sep-25,One-Way Trafficway,Dry,Daylight,Clear,Not a Collision Between Two Motor Vehicles in Transport,"Yes, M/V and Driver Left Scene",Pavement Markings,1,0,No Injury,,41.83142,-71.41134,1,,,,1
927846,2025-00072560,10-Sep-25,1:12,Other,BROOK ST,PIKE ST ,Gabrielle O'Loughlin,680,10-Sep-25,"Two-Way , Not Divided",Dry,Dark - Lighted,Clear,Angle (Front - to - Side) Same Direction,No,No Controls,3,0,No Injury,,41.81913,-71.39822,,,,,3
927970,2025-00072695,10-Sep-25,14:38,Pedestrian,Smith St,ACADEMY AVE ,Matthew Petteruto,121,13-Sep-25,"Two-Way, Divided, Unprotected (painted>4feet) Medium",Dry,Daylight,Clear,Not a Collision Between Two Motor Vehicles in Transport,No,No Controls,3,0,Unknown,,41.84296,-71.44605,1,,,,1
927921,2025-00073069,11-Sep-25,18:30,Bicycle,CHARLES ST,CHARLES ST ,Raymond Criner,340,11-Sep-25,"Two-Way , Not Divided",Dry,Daylight,Clear,Not a Collision Between Two Motor Vehicles in Transport,No,Pavement Markings,3,1,Complains Of Pain,,41.85623,-71.42092,,1,,,1
927948,2025-00073358,12-Sep-25,16:42,Other,MESSER ST,FORD ST ,Raymond Criner,340,12-Sep-25,"Two-Way , Not Divided",Dry,Daylight,Clear,Angle (Front - to - Side) Right Angle (Includes Broadside),No,Pavement Markings,4,1,Complains Of Pain,,41.81067,-71.43532,,,X,,2
927966,2025-00073646,12-Sep-25,11:56,Other,Knight Street,WASHINGTON ST ,Mario Andrade,130,13-Sep-25,"Two-Way, Divided, Positive Median Barrier",Dry,Daylight,Clear,Unknown,No,No Controls,3,1,Complains Of Pain,,41.8179,-71.42706,,,X,,2
928038,2025-00073718,12-Sep-25,19:30,Other,PROVIDENCE PL,,J Clancy,999,15-Sep-25,Unknown,Dry,Dusk,Clear,Unknown,"Yes, M/V and Driver Left Scene",Unknown,3,0,Unknown,,,,,,,,2
928255,2025-00073383,12-Sep-25,17:11,Other,union ave,LINWOOD AVE ,Mendez,675,19-Sep-25,"Two-Way, Divided, Unprotected (painted>4feet) Medium",Dry,Daylight,Clear,"Sideswipe, Same Direction",No,Unknown,6,0,No Injury,,41.80896,-71.43951,,,,,2
927965,2025-00073642,13-Sep-25,11:45,Pedestrian,ALEPPO ST,MANTON AVE ,Ptlm. Castagliuolo,351,13-Sep-25,"Two-Way , Not Divided",Dry,Daylight,Clear,Not a Collision Between Two Motor Vehicles in Transport,No,Stop Signs,3,1,Complains Of Pain,,41.81934,-71.44622,1,,,,1
927982,2025-00073766,13-Sep-25,20:18,Pedestrian,DOUGLAS AVE ,ADMIRAL ST ,Lucas Ramalho,507,13-Sep-25,"Two-Way , Not Divided",Dry,Dark - Lighted,Clear,Not a Collision Between Two Motor Vehicles in Transport,No,No Controls,2,1,Complains Of Pain,,41.84613,-71.42909,1,,,,1
927983,2025-00073907,14-Sep-25,0:30,Pedestrian,PINEHURST AVE,CHAD BROWN ST ,Aidan Pendergast,651,14-Sep-25,"Two-Way , Not Divided",Dry,Dark - Lighted,Clear,Not a Collision Between Two Motor Vehicles in Transport,No,No Controls,3,1,Non-Incapacitating,,41.83952,-71.4322,1,,,,1
928045,2025-00074305,15-Sep-25,14:26,Pedestrian,STEWART ST,BROAD ST ,Hansel Ventura,570,15-Sep-25,"Two-Way , Not Divided",Dry,Daylight,Clear,Not a Collision Between Two Motor Vehicles in Transport,No,Traffic Control Signal,3,1,Complains Of Pain,,41.8169,-71.41794,1,,,,1
928153,2025-00074624,16-Sep-25,14:33,Other,191 NARRAGANSETT AVE,RUTHERGLEN AVE ,Andrew Mitura,605,16-Sep-25,"Two-Way , Not Divided",Dry,Daylight,Clear,Rear End(Front-to-Rear),"Yes, M/V and Driver Left Scene",No Controls,3,0,Unknown,,41.78731,-71.42317,,,,,2
928159,2025-00074645,16-Sep-25,16:08,Bicycle,DOYLE AVE,HOPE ST ,Raymond Criner,340,16-Sep-25,"Two-Way , Not Divided",Dry,Daylight,Clear,Not a Collision Between Two Motor Vehicles in Transport,No,Traffic Control Signal,3,1,Complains Of Pain,,41.83877,-71.4001,,1,,,1
928162,2025-00074720,16-Sep-25,19:44,Pedestrian,JILLSON ST,EDDY ST ,Lane,109,16-Sep-25,"Two-Way , Not Divided",Dry,Dark - Lighted,Clear,"Sidwswipe, Opposite Direction",No,No Controls,4,3,Non-Incapacitating,,41.79133,-71.40394,1,,,,2
928189,2025-00074859,17-Sep-25,10:41,Pedestrian,ELMWOOD AVE,POTTERS AVE ,Matthew LeClerc,180,17-Sep-25,"Two-Way , Not Divided",Dry,Daylight,Clear,Not a Collision Between Two Motor Vehicles in Transport,"Yes, M/V and Driver Left Scene",Traffic Control Signal,1,1,Complains Of Pain,3,41.80153,-71.42635,1,,,,1
928209,2025-00075046,17-Sep-25,21:56,Pedestrian,FRANCIS ST,DORRANCE ST ,Erik Lane,109,17-Sep-25,"Two-Way, Divided, Unprotected (painted>4feet) Medium",Wet,Dark - Lighted,Rain,Not a Collision Between Two Motor Vehicles in Transport,No,Traffic Control Signal,6,1,Complains Of Pain,,41.82483,-71.41419,1,,X,,1
928228,2025-00075120,18-Sep-25,8:39,Pedestrian,Irving Ave,WAYLAND AVE ,Michael Cifuentes,330,18-Sep-25,"Two-Way , Not Divided",Dry,Daylight,Clear,Other,"Yes, M/V and Driver Left Scene",Stop Signs,3,0,No Injury,,41.83324,-71.38882,1,,,,1
928230,2025-00075121,18-Sep-25,8:48,Other,Washington St,SERVICE ROAD 8 ,Alexander Wagoner,541,18-Sep-25,"Two-Way , Not Divided",Dry,Daylight,Cloudy,Not a Collision Between Two Motor Vehicles in Transport,No,Traffic Control Signal,2,1,Complains Of Pain,,41.82027,-71.41875,,1,,,1
928240,2025-00075256,18-Sep-25,16:09,Pedestrian,POCASSET AVE,BANCROFT ST ,Raymond Criner,340,18-Sep-25,"Two-Way , Not Divided",Dry,Daylight,Clear,Not a Collision Between Two Motor Vehicles in Transport,No,Pavement Markings,6,1,Complains Of Pain,,41.81331,-71.4484,1,,,,1
928266,2025-22222222,19-Sep-25,11:24,Pedestrian,SERVICE ROAD 7,BROAD ST ,Caleb Jean Louis,351,19-Sep-25,"Two-Way , Not Divided",Dry,Daylight,Clear,Not a Collision Between Two Motor Vehicles in Transport,No,Pavement Markings,4,1,Complains Of Pain,,41.81747,-71.41712,1,,,,1
928271,2025-00075498,19-Sep-25,12:35,Other,Steuben St,ATWELLS AVE ,Tyler Calandra,418,19-Sep-25,"Two-Way , Not Divided",Dry,Daylight,Clear,Other,"Yes, M/V and Driver Left Scene",No Controls,1,1,Complains Of Pain,,41.82501,-71.44935,,1,,,1
928274,2025-00075511,19-Sep-25,13:10,Other,Bath Street ,Jewett Street ,James Lanier,211,19-Sep-25,"Two-Way , Not Divided",Dry,Daylight,Clear,Not a Collision Between Two Motor Vehicles in Transport,No,Stop Signs,2,1,Non-Incapacitating,1,,,,1,X,,1
928279,2025-33333333,19-Sep-25,13:55,Other,academy ave ,SMITH ST ,Caleb Jean Louis,,19-Sep-25,One-Way Trafficway,Dry,Daylight,Clear,Angle (Front - to - Side) Opposite Direction,"Yes, Driver Left Scene",No Controls,2,1,Non-Incapacitating,,41.84258,-71.44515,,,,,2